,Median_Income,City,State
0,97868,O Fallon,Missouri
1,49965,St Louis,Missouri
2,51806,Passaic,New Jersey
3,85870,Nashua,New Hampshire
4,75902,Rochester,Minnesota
5,46451,Paterson,New Jersey
6,60042,Warren,Michigan
7,100246,Lee s Summit,Missouri
8,53424,Gastonia,North Carolina
9,69397,Minneapolis,Minnesota
10,51368,East Orange,New Jersey
11,56191,Westland,Michigan
12,51549,Elizabeth,New Jersey
13,123857,Cary town,North Carolina
14,59089,Fargo,North Dakota
15,53036,St Cloud,Minnesota
16,42058,Las Cruces,New Mexico
17,41808,Springfield,Missouri
18,61583,Wyoming,Michigan
19,66098,St Paul,Minnesota
20,70869,Charlotte,North Carolina
21,40669,Buffalo,New York
22,103023,Rochester Hills,Michigan
23,114592,Woodbury,Minnesota
24,62948,Omaha,Nebraska
25,79329,Concord,North Carolina
26,73110,Bayonne,New Jersey
27,49763,Albany,New York
28,61861,Bismarck,North Dakota
29,44497,Jacksonville,North Carolina
30,58512,Albuquerque,New Mexico
31,51825,Greensboro,North Carolina
32,36687,Greenville,North Carolina
33,52919,Independence,Missouri
34,59758,Asheville,North Carolina
35,43242,Newark,New Jersey
36,57698,High Point,North Carolina
37,55463,Southfield,Michigan
38,71343,Durham,North Carolina
39,63396,Kansas City,Missouri
40,64106,Cheektowaga,New York
41,69104,Sterling Heights,Michigan
42,39654,Camden,New Jersey
43,41628,Akron,Ohio
44,106962,Plymouth,Minnesota
45,81958,Jersey City,New Jersey
46,76340,St Charles,Missouri
47,81857,Clifton,New Jersey
48,98170,Troy,Michigan
49,51629,Fayetteville,North Carolina
50,46089,St Joseph,Missouri
51,73639,Manchester,New Hampshire
52,40338,Lakewood,New Jersey
53,81067,Coral Springs,Florida
54,46445,Bridgeport,Connecticut
55,73332,Davie town,Florida
56,43864,Daytona Beach,Florida
57,49865,Deerfield Beach,Florida
58,64730,Delray Beach,Florida
59,63727,Deltona,Florida
60,84956,Doral,Florida
61,64912,Fort Lauderdale,Florida
62,53583,Fort Myers,Florida
63,90088,Washington,District of Columbia
64,86654,Anchorage municipality,Alaska
65,74796,Alafaya,Florida
66,85194,Boca Raton,Florida
67,61293,Boynton Beach,Florida
68,64357,Brandon,Florida
69,66425,Cape Coral,Florida
70,56626,Clearwater,Florida
71,74139,Charleston,South Carolina
72,53316,Schenectady,New York
73,59889,Arlington,Texas
74,60237,Rock Hill,South Carolina
75,37107,Reading,Pennsylvania
76,54747,Lubbock,Texas
77,201370,Sammamish,Washington
78,67223,Kenosha,Wisconsin
79,103227,Pearland,Texas
80,47861,Racine,Wisconsin
81,35562,Cleveland,Ohio
82,59338,Eugene,Oregon
83,63703,Medford,Oregon
84,74612,Raleigh,North Carolina
85,57253,Greenville,South Carolina
86,101686,Atascocita,Texas
87,86647,Carrollton,Texas
88,73273,Sioux Falls,South Dakota
89,57659,Provo,Utah
90,64873,Denton,Texas
91,31597,Carolina,Puerto Rico
92,51770,Richmond,Virginia
93,47202,Roanoke,Virginia
94,110781,Seattle,Washington
95,57359,McAllen,Texas
96,98317,McKinney,Texas
97,103687,Pflugerville,Texas
98,32217,Pharr,Texas
99,44751,Lawton,Oklahoma
100,79542,Austin,Texas
101,114450,Cedar Park,Texas
102,113518,Centreville,Virginia
103,68235,Fort Worth,Texas
104,55499,Houston,Texas
105,91255,Mansfield,Texas
106,97622,South Hill,Washington
107,95002,Plano,Texas
108,58202,Columbus,Ohio
109,99298,Mount Pleasant town,South Carolina
110,77584,Murfreesboro,Tennessee
111,64857,Nashville-Davidson metropolitan government (balance),Tennessee
112,59365,St George,Utah
113,88815,Chesapeake,Virginia
114,47596,Edinburg,Texas
115,79368,Auburn,Washington
116,130118,Frisco,Texas
117,56041,Kennewick,Washington
118,81373,Kent,Washington
119,58714,Spokane,Washington
120,58904,Spokane Valley,Washington
121,47524,Columbia,South Carolina
122,57444,Parma,Ohio
123,45651,Jackson,Tennessee
124,66658,Salt Lake City,Utah
125,100153,Sandy,Utah
126,144274,Bellevue,Washington
127,61607,Garland,Texas
128,130397,Kirkland,Washington
129,76520,Beaverton,Oregon
130,82102,Bend,Oregon
131,80564,Cranston,Rhode Island
132,53186,Wilmington,North Carolina
133,43186,Erie,Pennsylvania
134,56248,Johnson City,Tennessee
135,66395,Yonkers,New York
136,44150,Toledo,Ohio
137,104170,South Jordan,Utah
138,58597,Bellingham,Washington
139,51241,El Paso,Texas
140,79601,Georgetown,Texas
141,66449,Appleton,Wisconsin
142,70340,Irving,Texas
143,52438,Laredo,Texas
144,60957,Mesquite,Texas
145,77141,Tacoma,Washington
146,72038,Midland,Texas
147,60517,Santa Fe,New Mexico
148,54228,Winston-Salem,North Carolina
149,51817,Pawtucket,Rhode Island
150,60970,Providence,Rhode Island
151,51931,Abilene,Texas
152,55864,North Charleston,South Carolina
153,81011,Layton,Utah
154,114136,Lehi,Utah
155,107272,Dale City,Virginia
156,57647,Hampton,Virginia
157,67270,Madison,Wisconsin
158,57749,Mission,Texas
159,81451,Missouri City,Texas
160,85580,Richardson,Texas
161,72025,Warwick,Rhode Island
162,41980,Rochester,New York
163,45700,Knoxville,Tennessee
164,101382,League City,Texas
165,120165,Leander,Texas
166,17207,Ponce,Puerto Rico
167,69533,Waukesha,Wisconsin
168,66129,Gresham,Oregon
169,39315,Dayton,Ohio
170,46745,Allentown,Pennsylvania
171,79057,Portland,Oregon
172,57320,Bethlehem,Pennsylvania
173,51008,Tulsa,Oklahoma
174,48287,Baytown,Texas
175,47435,Brownsville,Texas
176,101162,Alexandria,Virginia
177,68473,Grand Prairie,Texas
178,70023,Everett,Washington
179,52899,Philadelphia,Pennsylvania
180,58937,Newport News,Virginia
181,51908,Green Bay,Wisconsin
182,75915,Lewisville,Texas
183,69993,Vancouver,Washington
184,46637,Milwaukee,Wisconsin
185,79649,Round Rock,Texas
186,97436,Hillsboro,Oregon
187,104515,Franklin,Tennessee
188,51361,Beaumont,Texas
189,44017,Bryan,Texas
190,49215,College Station,Texas
191,78734,Federal Way,Washington
192,57821,Pittsburgh,Pennsylvania
193,58591,Norfolk,Virginia
194,53479,Guaynabo,Puerto Rico
195,82561,Pasco,Washington
196,79556,Suffolk,Virginia
197,60030,San Angelo,Texas
198,54923,San Antonio,Texas
199,36080,San Marcos,Texas
200,73628,Broken Arrow,Oklahoma
201,78562,Mount Vernon,New York
202,107438,Allen,Texas
203,125651,Arlington,Virginia
204,68428,Conroe,Texas
205,89073,New Braunfels,Texas
206,40934,Canton,Ohio
207,63927,Salem,Oregon
208,86252,West Jordan,Utah
209,74348,West Valley City,Utah
210,50861,Harlingen,Texas
211,51619,Killeen,Texas
212,54279,Scranton,Pennsylvania
213,22556,San Juan,Puerto Rico
214,52689,Yakima,Washington
215,79884,Spring,Texas
216,57786,Norman,Oklahoma
217,55065,Chattanooga,Tennessee
218,55572,Amarillo,Texas
219,61495,Rapid City,South Dakota
220,59812,Corpus Christi,Texas
221,51209,Longview,Texas
222,78496,North Richland Hills,Texas
223,112868,Sugar Land,Texas
224,58284,Temple,Texas
225,87797,Toms River,New Jersey
226,41715,Trenton,New Jersey
227,43410,Lorain,Ohio
228,106386,New Rochelle,New York
229,67997,New York,New York
230,59214,Oklahoma City,Oklahoma
231,60686,Clarksville,Tennessee
232,26540,Bayamón,Puerto Rico
233,60893,Cheyenne,Wyoming
234,155426,Redmond,Washington
235,83699,Renton,Washington
236,81634,Virginia Beach,Virginia
237,61964,Odessa,Texas
238,55446,Oshkosh,Wisconsin
239,104787,The Woodlands,Texas
240,54998,Tyler,Texas
241,59393,Union City,New Jersey
242,40076,Syracuse,New York
243,44317,Memphis,Tennessee
244,56501,Ogden,Utah
245,92347,Marysville,Washington
246,54429,Portsmouth,Virginia
247,54786,Victoria,Texas
248,49952,Waco,Texas
249,76096,Rio Rancho,New Mexico
250,90384,Edmond,Oklahoma
251,72449,Orem,Utah
252,57995,Dallas,Texas
253,144642,Flower Mound town,Texas
254,22125,Caguas,Puerto Rico
255,56110,Lynchburg,Virginia
256,57732,Eau Claire,Wisconsin
257,63435,Janesville,Wisconsin
258,60939,Pasadena,Texas
259,50786,Wichita Falls,Texas
260,42733,Cincinnati,Ohio
261,65478,Victorville,California
262,62294,Lincoln,Nebraska
263,59363,Spring Hill,Florida
264,66184,Sunrise,Florida
265,51224,Tallahassee,Florida
266,59885,Tamarac,Florida
267,63404,Tampa,Florida
268,45088,Dothan,Alabama
269,104802,Gilbert town,Arizona
270,62910,Glendale,Arizona
271,95424,Daly City,California
272,84074,Davis,California
273,72556,Downey,California
274,205219,Dublin,California
275,62505,Springfield,Illinois
276,46248,Hammond,Indiana
277,81052,Jurupa Valley,California
278,76707,Lake Elsinore,California
279,108838,Lake Forest,California
280,42034,Shreveport,Louisiana
281,64221,Lowell,Massachusetts
282,92800,Pittsburg,California
283,64986,Lynn,Massachusetts
284,89239,San Marcos,California
285,129957,San Mateo,California
286,48818,Lansing,Michigan
287,64165,Visalia,California
288,84262,Vista,California
289,104597,Novi,Michigan
290,65117,The Villages,Florida
291,58140,Town  n  Country,Florida
292,73945,Fort Collins,Colorado
293,101346,Buena Park,California
294,81177,Burbank,California
295,90577,Goodyear,Arizona
296,38999,Albany,Georgia
297,122326,Alpharetta,Georgia
298,50299,Athens-Clarke County unified government (balance),Georgia
299,74107,Atlanta,Georgia
300,43786,Mobile,Alabama
301,46957,Montgomery,Alabama
302,55609,El Monte,California
303,58479,Indianapolis (balance),Indiana
304,47456,Lafayette,Indiana
305,60977,Cedar Rapids,Iowa
306,104534,Lakewood,California
307,64242,Lancaster,California
308,43443,Bowling Green,Kentucky
309,82068,Manteca,California
310,86410,Malden,Massachusetts
311,145263,Pleasanton,California
312,70494,Pomona,California
313,162388,San Ramon,California
314,78778,Sparks,Nevada
315,61179,Spring Valley,Nevada
316,51287,Sunrise Manor,Nevada
317,118483,Walnut Creek,California
318,90878,Wesley Chapel,Florida
319,122774,Weston,Florida
320,59400,West Palm Beach,Florida
321,47921,Augusta-Richmond County consolidated government (balance),Georgia
322,65971,East Los Angeles,California
323,76495,Joliet,Illinois
324,53914,Davenport,Iowa
325,60693,Des Moines,Iowa
326,130111,Livermore,California
327,76874,Lodi,California
328,73905,Long Beach,California
329,80265,Santa Ana,California
330,90711,Santa Barbara,California
331,155238,Santa Clara,California
332,109336,Santa Clarita,California
333,69844,Stockton,California
334,84223,Silver Spring,Maryland
335,117442,Maple Grove,Minnesota
336,100543,Stamford,Connecticut
337,61428,Fayetteville,Arkansas
338,100238,Camarillo,California
339,53565,Little Rock,Arkansas
340,64178,Waukegan,Illinois
341,69714,Santa Maria,California
342,84902,Enterprise,Nevada
343,94906,Santa Monica,California
344,65818,Billings,Montana
345,43066,Gulfport,Mississippi
346,87332,Livonia,Michigan
347,40822,Gainesville,Florida
348,81747,Anaheim,California
349,75417,Buckeye,Arizona
350,81008,Antioch,California
351,63031,Apple Valley town,California
352,59201,Grand Junction,Colorado
353,64853,Greeley,Colorado
354,44718,Fort Smith,Arkansas
355,52734,Columbus,Georgia
356,102237,Arlington Heights village,Illinois
357,83996,Aurora,Illinois
358,70217,Boise City,Idaho
359,81849,Noblesville,Indiana
360,70372,Los Angeles,California
361,84037,Rancho Cordova,California
362,83850,Rancho Cucamonga,California
363,49237,New Bedford,Massachusetts
364,89533,Blaine,Minnesota
365,183208,Newton,Massachusetts
366,141110,Ellicott City,Maryland
367,80577,Bloomington,Minnesota
368,86459,Santa Rosa,California
369,156059,Sunnyvale,California
370,88476,West Covina,California
371,46674,Hialeah,Florida
372,84167,Boulder,Colorado
373,36614,Birmingham,Alabama
374,62145,Arden-Arcade,California
375,71547,Casas Adobes,Arizona
376,124669,Carlsbad,California
377,48793,Waterbury,Connecticut
378,137241,Highlands Ranch,Colorado
379,71656,Carmichael,California
380,92609,Carson,California
381,125010,Folsom,California
382,93851,Fontana,California
383,63396,Springdale,Arkansas
384,49358,Madera,California
385,85175,Menifee,California
386,52127,Merced,California
387,169460,Milpitas,California
388,124971,Mission Viejo,California
389,70469,Modesto,California
390,58702,Redding,California
391,87634,Redlands,California
392,121445,Redondo Beach,California
393,66862,Westminster,California
394,60490,Hollywood,Florida
395,52365,Homestead,Florida
396,121007,Horizon West,Florida
397,55136,Wilmington,Delaware
398,107638,Broomfield,Colorado
399,94613,Chandler,Arizona
400,42468,Hartford,Connecticut
401,71700,Bloomington,Illinois
402,94040,Bolingbrook village,Illinois
403,136834,Eastvale,California
404,61833,Idaho Falls,Idaho
405,86688,Westminster,Colorado
406,61301,Iowa City,Iowa
407,79840,Moreno Valley,California
408,54652,Baltimore,Maryland
409,157243,Mountain View,California
410,145128,Redwood City,California
411,74807,Brooklyn Park,Minnesota
412,69982,Rialto,California
413,95960,Farmington Hills,Michigan
414,63194,Worcester,Massachusetts
415,58621,Jacksonville,Florida
416,115468,Alameda,California
417,76255,Kendall,Florida
418,42615,Kissimmee,Florida
419,121384,Castro Valley,California
420,50306,Tucson,Arizona
421,73434,Urban Honolulu,Hawaii
422,50248,South Bend,Indiana
423,104708,Murrieta,California
424,92878,Napa,California
425,136588,Newport Beach,California
426,167162,Bethesda,Maryland
427,85754,Richmond,California
428,81411,Frederick,Maryland
429,77924,Henderson,Nevada
430,61944,Duluth,Minnesota
431,100490,Eagan,Minnesota
432,99805,Temecula,California
433,84320,Whittier,California
434,55029,Lakeland,Florida
435,55228,Largo,Florida
436,44975,Lauderhill,Florida
437,58422,Lehigh Acres,Florida
438,125657,Castle Rock town,Colorado
439,108531,Centennial,Colorado
440,66666,Bakersfield,California
441,69854,Baldwin Park,California
442,77122,Lakewood,Colorado
443,61850,Chico,California
444,132870,Johns Creek,Georgia
445,53410,Champaign,Illinois
446,66576,Chicago,Illinois
447,129664,Naperville,Illinois
448,54260,Yuma,Arizona
449,155968,Fremont,California
450,53884,Kansas City,Kansas
451,52475,Lawrence,Kansas
452,55753,Kenner,Louisiana
453,79850,Norwalk,California
454,79283,Boston,Massachusetts
455,82236,Oakland,California
456,81748,Quincy,Massachusetts
457,76558,Riverside,California
458,99429,Gaithersburg,Maryland
459,107520,Rocklin,California
460,37102,Flint,Michigan
461,103784,Waldorf,Maryland
462,92647,Arvada,Colorado
463,72222,Alhambra,California
464,97473,Chino,California
465,113811,Chino Hills,California
466,69266,Mesa,Arizona
467,91949,Chula Vista,California
468,66607,Citrus Heights,California
469,48176,Macon-Bibb County,Georgia
470,57495,Cicero town,Illinois
471,80749,Escondido,California
472,61250,Fresno,California
473,95431,Fullerton,California
474,88088,Meridian,Idaho
475,70244,Portland,Maine
476,57953,Lafayette,Louisiana
477,45995,Lake Charles,Louisiana
478,68581,Brockton,Massachusetts
479,104746,Cambridge,Massachusetts
480,78125,Oceanside,California
481,91931,Germantown,Maryland
482,35070,Jackson,Mississippi
483,59746,Las Vegas,Nevada
484,114791,Thousand Oaks,California
485,57132,Melbourne,Florida
486,48789,Miami,Florida
487,55512,Miami Beach,Florida
488,54276,Miami Gardens,Florida
489,79282,Miramar,Florida
490,51586,New Britain,Connecticut
491,74579,Colorado Springs,Colorado
492,50569,New Haven,Connecticut
493,67909,Bellflower,California
494,72911,Longmont,Colorado
495,84837,Clovis,California
496,66535,Loveland,Colorado
497,78411,Surprise,Arizona
498,40368,Decatur,Illinois
499,61356,El Cajon,California
500,75479,Palatine village,Illinois
501,93873,Thornton,Colorado
502,74109,Garden Grove,California
503,67408,Rogers,Arkansas
504,79633,Glendale,California
505,63471,Nampa,Idaho
506,41770,Tuscaloosa,Alabama
507,70122,Hawthorne,California
508,96386,Hayward,California
509,68864,Ann Arbor,Michigan
510,73872,Ontario,California
511,103045,Orange,California
512,107714,Roseville,California
513,83577,Glen Burnie,Maryland
514,101621,Simi Valley,California
515,40227,Kalamazoo,Michigan
516,100392,Torrance,California
517,131125,Lakeville,Minnesota
518,68583,North Port,Florida
519,71423,Avondale,Arizona
520,101048,Berkeley,California
521,81956,San Tan Valley,Arizona
522,49598,Pueblo,Colorado
523,47287,Peoria,Illinois
524,45042,Hemet,California
525,67950,Hesperia,California
526,99631,Olathe,Kansas
527,89280,Overland Park,Kansas
528,88268,Oxnard,California
529,46672,Fall River,Massachusetts
530,73417,Palmdale,California
531,75311,Sacramento,California
532,80154,Salinas,California
533,107651,Somerville,Massachusetts
534,102263,Tracy,California
535,54167,Orlando,Florida
536,54746,Palm Bay,Florida
537,60648,Palm Coast,Florida
538,71647,Aurora,Colorado
539,48531,Auburn,Alabama
540,89047,Norwalk,Connecticut
541,81630,Denver,Colorado
542,62050,Compton,California
543,96961,Concord,California
544,92606,Corona,California
545,104825,Roswell,Georgia
546,94456,Sandy Springs,Georgia
547,79120,Elgin,Illinois
548,82154,Evanston,Illinois
549,37734,Bloomington,Indiana
550,61695,Lynwood,California
551,66074,Metairie,Louisiana
552,60942,Lexington-Fayette urban county,Kentucky
553,195781,Palo Alto,California
554,94023,Framingham,Massachusetts
555,65311,San Bernardino,California
556,97816,San Buenaventura (Ventura),California
557,61079,Dearborn,Michigan
558,93042,San Diego,California
559,67035,North Las Vegas,Nevada
560,63668,Tulare,California
561,60662,Columbia,Missouri
562,74032,Turlock,California
563,98092,Tustin,California
564,133365,Yorba Linda,California
565,61443,Yuba City,California
566,63270,Missoula,Montana
567,76439,Pembroke Pines,Florida
568,42153,Pine Hills,Florida
569,72955,Plantation,Florida
570,57296,Poinciana,Florida
571,53737,Pompano Beach,Florida
572,53029,Conway,Arkansas
573,97904,Costa Mesa,California
574,99276,Hoover,Alabama
575,70757,Huntsville,Alabama
576,92566,Peoria,Arizona
577,49612,Savannah,Georgia
578,99097,Scottsdale,Arizona
579,73958,South Fulton,Georgia
580,44525,Rockford,Illinois
581,90346,Fairfield,California
582,106990,Carmel,Indiana
583,107808,Huntington Beach,California
584,66841,Indio,California
585,68135,Inglewood,California
586,55622,Sioux City,Iowa
587,92844,Shawnee,Kansas
588,46942,New Orleans,Louisiana
589,57182,Louisville/Jefferson County metro government (balance),Kentucky
590,86677,Pasadena,California
591,80388,Haverhill,Massachusetts
592,42498,Springfield,Massachusetts
593,121826,San Francisco,California
594,59596,Grand Rapids,Michigan
595,50096,Paradise,Nevada
596,65351,South Gate,California
597,114700,Union City,California
598,118903,Rockville,Maryland
599,88346,Upland,California
600,54814,Port Charlotte,Florida
601,71381,Port St Lucie,Florida
602,81195,Riverview,Florida
603,61386,Flagstaff,Arizona
604,68435,Phoenix,Arizona
605,68662,Tempe,Arizona
606,105774,Irvine,California
607,52005,Ames,Iowa
608,49040,Topeka,Kansas
609,69843,Perris,California
610,110002,Columbia,Maryland
611,49087,Lawrence,Massachusetts
612,36140,Detroit,Michigan
613,126377,San Jose,California
614,84017,San Leandro,California
615,67478,Reno,Nevada
616,97777,Vacaville,California
617,77711,Vallejo,California
618,64141,St Petersburg,Florida
619,79079,Danbury,Connecticut
620,45497,Jonesboro,Arkansas
621,121262,Queen Creek town,Arizona
622,58864,Warner Robins,Georgia
623,109242,Elk Grove,California
624,79308,Schaumburg village,Illinois
625,88618,Skokie village,Illinois
626,46662,Evansville,Indiana
627,121501,Fishers,Indiana
628,54737,Fort Wayne,Indiana
629,94508,Ankeny,Iowa
630,50549,Waterloo,Iowa
631,62073,West Des Moines,Iowa
632,56293,Wichita,Kansas
633,41257,Baton Rouge,Louisiana
